set_up,method,n_train,estimated_beta,file_name,running_time_train,running_time_pred,running_datetime,running_time_predict
MCAR_20d_05corr_rep3_n115000_d20_corr50_NA25,SAEM,500,"[[0.230502310862267, 0.679644488377969, 1.04298816754411, 0.858073924211929, -0.266555707083844, 0.666506717782182, -0.319103262505827, 1.51247608443606, -1.73702560032774, 0.447960533363072, 0.719293545019418, -0.83456989003409, 0.970600648594931, -0.656823577651218, -1.13963791899988, 0.760713372971193, 0.742979162279824, 1.59172475374337, -0.453734823818488, -0.742657188257356], [-0.18016369774726]]",MCAR_20d_05corr_rep3_n115000_d20_corr50_NA25_SAEM_500,47.8571255207062,20.0603380203247,2025-07-15 17:57:21.699454,
MCAR_20d_05corr_rep4_n115000_d20_corr50_NA25,SAEM,500,"[[2.22051699856575, 0.699838269671344, 4.27392381196743, -1.57512190211916, -1.17184563827162, 1.0795939433853, -2.41252165023319, -0.564290941232068, -2.25871526266832, -3.77936713261553, 2.36404972681193, -0.0716783361425928, -2.26188298222806, 1.22594022061483, -0.7849755864814, 5.93464484227759, -2.86692765304868, 5.50775638664016, -2.15886497995741, 1.05573624428253], [-0.855062542311765]]",MCAR_20d_05corr_rep4_n115000_d20_corr50_NA25_SAEM_500,49.7642462253571,20.2414450645447,2025-07-15 17:57:24.827152,
MCAR_20d_05corr_rep0_n115000_d20_corr50_NA25,SAEM,1000,"[[1.93209820973904, -0.723930903429489, -0.332625050956449, -1.84154600241786, 1.7007652690415, -3.29151027100681, 2.43566826559996, -1.24840307832846, 0.745881407322843, -0.20428813785432, 1.78784504684169, -2.64463280791129, -0.689163101978419, -0.779295067138699, 1.72735056322242, -1.89641939127318, -0.129077020606878, -1.07299075256222, -0.035719884785181, 0.99574730186537], [-0.0497630720310043]]",MCAR_20d_05corr_rep0_n115000_d20_corr50_NA25_SAEM_1000,92.5619695186615,20.0652778148651,2025-07-15 17:57:27.524602,
MCAR_20d_05corr_rep1_n115000_d20_corr50_NA25,SAEM,1000,"[[0.236717137326641, 0.937378432891195, -3.13003457160896, -3.36917817457719, 1.03710725363594, -1.4987237125415, -2.98169978968547, 1.48616934829995, 0.193113238513477, 3.09613195397762, -1.16216269186027, 1.42564639258379, 2.49688801175218, -0.532684999784364, 0.0339311394209082, -1.48139049399722, 1.29585890384563, -0.869284239688093, -1.5187624866414, -0.884521010533956], [0.356668233568791]]",MCAR_20d_05corr_rep1_n115000_d20_corr50_NA25_SAEM_1000,93.76997423172,19.6885707378387,2025-07-15 17:57:29.756229,
MCAR_20d_05corr_rep2_n115000_d20_corr50_NA25,SAEM,1000,"[[-2.02378780869561, -5.38448779792721, 5.78769173191491, 2.13239781373404, -2.49126879465443, -3.91644110281109, 1.43166818564813, -1.17245814380705, -2.77163976197949, -2.78669463772829, 2.07475925432872, -0.850548754433959, 1.90658283281438, 0.892289699338465, -4.12187007515025, -1.69452325340727, 7.30879634251116, -3.08210052343941, 10.7883297982797, 4.10076980286758], [0.782961448239643]]",MCAR_20d_05corr_rep2_n115000_d20_corr50_NA25_SAEM_1000,91.9028789997101,19.1704258918762,2025-07-15 17:59:23.462297,
MCAR_20d_05corr_rep3_n115000_d20_corr50_NA25,SAEM,1000,"[[0.215007427435359, 0.58319048712226, 1.07033153355136, 1.07827686345632, -0.47855025883176, 0.932686960751281, -0.514096489429425, 1.52164644650191, -1.62779225571505, 0.609682132924919, 0.427832222353379, -0.60788201896936, 0.951473354930518, -1.0064732758754, -0.687300983005161, 0.473372962352501, 0.711499493242812, 1.81900662690221, -0.63540820707775, -0.528665303177141], [-0.00798543869830221]]",MCAR_20d_05corr_rep3_n115000_d20_corr50_NA25_SAEM_1000,93.4088308811188,19.5987179279327,2025-07-15 17:57:32.661187,
MCAR_20d_05corr_rep4_n115000_d20_corr50_NA25,SAEM,1000,"[[0.62164861508143, 0.422233043007782, 1.46896493545655, -0.406782077591223, -0.270226445150337, 0.1498966003156, -0.981270576488184, -0.305388596777987, -0.726165766474972, -1.4980289207478, 0.404715647284944, 0.368223305892542, -0.840844533842373, 0.40263080173982, -0.0529618124306392, 1.92567922767755, -0.526510659616038, 1.78944876117326, -0.0959134551729316, 0.213286709937557], [-0.134851387877423]]",MCAR_20d_05corr_rep4_n115000_d20_corr50_NA25_SAEM_1000,94.798436164856,19.6486735343933,2025-07-15 17:57:35.924094,
MCAR_20d_05corr_rep0_n115000_d20_corr50_NA25,SAEM,5000,"[[1.52911779735765, -0.561221814537091, -0.43102449856242, -1.18611316949189, 1.07255275605705, -2.53504835016825, 1.87905824196222, -0.854372974155401, 0.422673866519193, -0.162649150315245, 1.45538284579808, -2.08486565126774, -0.354820181508281, -0.406172246850563, 1.06790648488087, -1.0914747711924, -0.117430744654015, -1.01748748220703, 0.190356038016596, 0.56498026008212], [-0.0446688245872913]]",MCAR_20d_05corr_rep0_n115000_d20_corr50_NA25_SAEM_5000,419.601023435593,18.8198251724243,2025-07-15 17:57:38.614619,
MCAR_20d_05corr_rep1_n115000_d20_corr50_NA25,SAEM,5000,"[[0.0913887491609593, 0.593327493293809, -1.55889016083251, -1.95260154815433, 0.462637754077714, -0.606070795417519, -1.60094498721141, 0.929019723089877, 0.25680553041919, 1.40568464642205, -0.684103784225366, 1.07076588435049, 1.2456677401983, -0.14951334063741, 0.0384102515670331, -0.521909153675609, 0.347664346495401, -0.127472916375001, -0.963371654016166, -0.424247618327081], [0.0638829619282791]]",MCAR_20d_05corr_rep1_n115000_d20_corr50_NA25_SAEM_5000,444.900911808014,18.2669472694397,2025-07-15 17:57:41.417052,
MCAR_20d_05corr_rep2_n115000_d20_corr50_NA25,SAEM,5000,"[[-0.798850599781175, -1.21984945908018, 1.42577057040008, 0.240513730298897, -0.784151124405845, -0.724826316045942, 0.263435742446211, -0.22383315271791, -0.888911012544597, -0.550086031169964, 0.412481562216967, -0.0283136184590723, 0.261364870564136, 0.502043693316072, -1.4584930591074, -0.588399951368912, 2.09200783015764, -0.899022561870389, 2.96664013613219, 1.31123516607533], [0.0349404884078131]]",MCAR_20d_05corr_rep2_n115000_d20_corr50_NA25_SAEM_5000,407.735472202301,19.0372633934021,2025-07-15 17:57:44.823779,
MCAR_20d_05corr_rep3_n115000_d20_corr50_NA25,SAEM,5000,"[[0.0373435390233102, 0.63515005398294, 1.0323676137644, 1.2713936304263, -0.762037782984854, 1.14544671079703, -0.599040250921336, 1.37100155572875, -1.44153579750452, 0.588605240086877, 0.332623775716663, -0.438107061352114, 0.923075854707617, -1.12183360697526, -0.656776459927663, 0.577670514324927, 0.652542663639672, 1.52830966402118, -0.597996291087427, -0.380321168453567], [0.0302918108380883]]",MCAR_20d_05corr_rep3_n115000_d20_corr50_NA25_SAEM_5000,346.757251739502,17.583961725235,2025-07-15 18:04:51.862308,
MCAR_20d_05corr_rep4_n115000_d20_corr50_NA25,SAEM,5000,"[[0.599697285601513, 0.524140100327907, 1.48426762921207, -0.597734142864352, -0.445671045238279, 0.317555346497865, -1.06339745357228, -0.302136048263996, -0.699623653956421, -1.65855011073098, 0.358788532324098, 0.305373148209097, -0.729904786926173, 0.522618216219894, -0.116171664016346, 1.94910284708188, -0.859593739258632, 1.95637169580423, -0.175622381269474, 0.352357248965115], [-0.0826074795600084]]",MCAR_20d_05corr_rep4_n115000_d20_corr50_NA25_SAEM_5000,415.953043937683,18.880678653717,2025-07-15 17:57:47.298413,
MCAR_20d_05corr_rep0_n115000_d20_corr50_NA25,SAEM,10000,"[[1.54100990306631, -0.60845730201154, -0.48290838431313, -1.06727460317979, 0.867672326719035, -2.28001879620871, 1.77815785364861, -0.79311650143821, 0.381345577761381, -0.249294414868351, 1.42064024316334, -2.00600588791043, -0.25747649116691, -0.485859102727232, 1.12191574116563, -1.03816665934167, -0.126905894361814, -0.916437762834397, 0.124414723148545, 0.56934956274663], [-0.0205380687991518]]",MCAR_20d_05corr_rep0_n115000_d20_corr50_NA25_SAEM_10000,583.69353556633,18.2689204216003,2025-07-15 17:57:50.406361,
MCAR_20d_05corr_rep1_n115000_d20_corr50_NA25,SAEM,10000,"[[0.14636123282168, 0.58271518248026, -1.55229077478504, -1.94318573879631, 0.523118459193138, -0.58076229433373, -1.5592380697653, 0.883232220480799, 0.329165501392285, 1.34470761668826, -0.524585522507744, 0.894965832241479, 1.24250464368282, -0.139256384031094, 0.0609825366923043, -0.471378084935052, 0.187641395092166, -0.00125875132088552, -0.898838642002269, -0.423643956005027], [0.024129316932854]]",MCAR_20d_05corr_rep1_n115000_d20_corr50_NA25_SAEM_10000,658.117910385132,17.9073805809021,2025-07-15 17:57:53.831125,
MCAR_20d_05corr_rep2_n115000_d20_corr50_NA25,SAEM,10000,"[[-0.889468443108106, -1.24638419513332, 1.4018277161811, 0.330110244478788, -0.7684081635144, -0.934174125595316, 0.310815040296738, -0.335794550744161, -0.772852843191647, -0.629554094429244, 0.498964115891121, -0.0228803068556674, 0.110246539701645, 0.672133516257964, -1.51313758163307, -0.647631444854402, 2.27841540401797, -1.07589905838275, 3.19458153461746, 1.4337434664371], [0.0629060002369788]]",MCAR_20d_05corr_rep2_n115000_d20_corr50_NA25_SAEM_10000,737.159197568893,17.9874503612518,2025-07-15 17:57:56.572998,
MCAR_20d_05corr_rep3_n115000_d20_corr50_NA25,SAEM,10000,"[[-0.0563726068734336, 0.675141102205345, 1.03285030776287, 1.34353014874493, -0.854648188298556, 1.25420590048327, -0.609718124241184, 1.32208758137319, -1.42566545746248, 0.655526875447505, 0.286822399698094, -0.418910808004827, 0.93143348026947, -1.0426664047217, -0.636506632822244, 0.53804494556787, 0.687132813899258, 1.4676886310713, -0.511675031127794, -0.408978163887709], [0.0284334181426297]]",MCAR_20d_05corr_rep3_n115000_d20_corr50_NA25_SAEM_10000,575.072077274323,18.2003016471863,2025-07-15 17:57:59.016032,
MCAR_20d_05corr_rep4_n115000_d20_corr50_NA25,SAEM,10000,"[[0.606989849391499, 0.464056477938924, 1.53115290791154, -0.632330981857536, -0.394106584033404, 0.245047662694769, -1.0403167760989, -0.341396837032715, -0.674839304131687, -1.5794808155274, 0.348202354906335, 0.358974932165335, -0.682556002381536, 0.345581496592782, -0.0380895834916222, 1.8234581028529, -0.782812602457932, 1.87793911874242, -0.188533024869423, 0.375707033819274], [-0.0203132931135483]]",MCAR_20d_05corr_rep4_n115000_d20_corr50_NA25_SAEM_10000,591.528337001801,17.3569273948669,2025-07-15 18:07:52.53528,
MCAR_20d_05corr_rep0_n115000_d20_corr50_NA25,py.SAEM,100,"[[1.0337957932506316, -0.34222603434822707, -1.2782534617482013, -0.38978804839157655, 0.6621246907990506, -1.1373909517095153, 0.6531621465918996, -0.19382305967564525, -0.08358744467553694, 0.10429006009835307, 0.9653412496555597, -1.477911820268482, -0.47149653233164407, -0.3366014644855883, 0.12380913949636113, -0.1861267487133777, -0.31726446491698296, 0.14476403064504736, -0.277056716215766, 0.748954106815073], [-0.0006542651554173821]]",MCAR_20d_05corr_rep0_n115000_d20_corr50_NA25_py.SAEM_100,39.00014019012451,,,6.80385160446167
MCAR_20d_05corr_rep0_n115000_d20_corr50_NA25,py.SAEM.fast,100,"[[0.9958343054720578, -0.5372297940115206, -1.0681056614024214, -0.5301443590563086, 0.7832716086851718, -1.4409936727268797, 0.6322690757801039, -0.3324916587068622, -0.23218756644972316, -0.20168782947972377, 0.8721174361362646, -1.2183811149654222, -0.29735983454759485, -0.16748382454127245, -0.37985513011266087, -0.12245336015804272, -0.41283353798182454, 0.14680071404303857, -0.16570162554811027, 0.874730924577746], [-0.050641233326119674]]",MCAR_20d_05corr_rep0_n115000_d20_corr50_NA25_py.SAEM.fast_100,22.255678176879883,,,6.780056715011597
MCAR_20d_05corr_rep0_n115000_d20_corr50_NA25,py.SAEM.parallel,100,"[[1.0089012239934885, -0.39457851788951426, -1.1878100299654546, -0.34824396191626694, 0.7032248723833743, -1.2838645576668122, 0.5695453382034066, -0.15885268233837815, -0.033865845632498025, 0.08992564188373921, 0.9458420885458323, -1.4515264297346728, -0.4185044941665426, -0.36814979152033595, 0.05639936277426643, -0.3083684906499671, -0.27047000413665173, 0.07555803600322637, -0.2108980357438913, 0.7531598918945734], [-0.05753033553088107]]",MCAR_20d_05corr_rep0_n115000_d20_corr50_NA25_py.SAEM.parallel_100,36.79661726951599,,,6.783577919006348
MCAR_20d_05corr_rep0_n115000_d20_corr50_NA25,py.SAEM,500,"[[1.0956308851690044, -0.1766430771313133, -0.6939325831745788, -0.8889665559433896, 0.7688100296176192, -2.1114202475486605, 1.3037473198833698, -0.6652959019816299, 0.10868611268134154, 0.03838480190109705, 0.9679845858400227, -1.5381787022226303, -0.38972579125672563, -0.3963654170724795, 0.7579558832273783, -0.6713152137171884, -0.5238220345368076, -0.6227762440199829, -0.1979909525835359, 0.8651512830813879], [0.15228243856998433]]",MCAR_20d_05corr_rep0_n115000_d20_corr50_NA25_py.SAEM_500,171.9555377960205,,,6.773447275161743
MCAR_20d_05corr_rep0_n115000_d20_corr50_NA25,py.SAEM.fast,500,"[[1.1141831967024114, -0.22618109893185256, -0.59090471004967, -1.0319367498127852, 0.782792355978169, -2.16395913311984, 1.2756790495834496, -0.5879559451571192, 0.06524304590636529, -0.03111607662424307, 1.059688334313969, -1.647105781378624, -0.3251418589744322, -0.36932310754145736, 0.5836334844244627, -0.5550234424749695, -0.6431375848862062, -0.5998894274587437, -0.24263260559868596, 0.8721359447200506], [0.17499016602174522]]",MCAR_20d_05corr_rep0_n115000_d20_corr50_NA25_py.SAEM.fast_500,99.70930790901184,,,6.788163900375366
MCAR_20d_05corr_rep0_n115000_d20_corr50_NA25,py.SAEM.parallel,500,"[[1.0588398736394689, -0.19734629418695593, -0.5918276717511869, -0.9232841200440589, 0.7754134763604933, -2.084470606354679, 1.2658572041271703, -0.6476346877740727, 0.1296067095931046, 0.02270090716334997, 0.9578762347142374, -1.518597698759633, -0.4127934813160231, -0.3559910976895774, 0.7345948092867075, -0.6890644814121969, -0.4706455773886888, -0.6295858517503459, -0.19048378400734717, 0.8390031542561254], [0.13271514958590316]]",MCAR_20d_05corr_rep0_n115000_d20_corr50_NA25_py.SAEM.parallel_500,164.60299730300903,,,6.783348083496094
MCAR_20d_05corr_rep0_n115000_d20_corr50_NA25,py.SAEM,1000,"[[1.2535346754309746, -0.37411213076220184, -0.3676739077223937, -1.12363145794711, 0.9910249726064471, -2.1010137112195864, 1.5129268026354092, -0.7276217968454062, 0.41293898293726794, -0.07948884682038716, 1.0960783952444482, -1.735384704110476, -0.5036608080402152, -0.45100822956741954, 1.0695985240680599, -1.1563514746117967, -0.21107736872601476, -0.6568129686725817, -0.017937383157214278, 0.6543078777193058], [-0.019878754989233013]]",MCAR_20d_05corr_rep0_n115000_d20_corr50_NA25_py.SAEM_1000,282.40109419822693,,,6.745638132095337
MCAR_20d_05corr_rep0_n115000_d20_corr50_NA25,py.SAEM.fast,1000,"[[1.3892620530541233, -0.4232826662878923, -0.4259552523046866, -1.1973491879726725, 1.0001501699821977, -2.214781688650125, 1.583579760256957, -0.7323044815262332, 0.49681516307760953, -0.1904960575879941, 1.1776136873629017, -1.8831952732564168, -0.6364318802129615, -0.4442693981760119, 1.081217921270242, -1.1622393785489926, -0.3536560146675447, -0.7682709916576651, -0.04592795959874792, 0.7984758528019236], [-0.10598985690073529]]",MCAR_20d_05corr_rep0_n115000_d20_corr50_NA25_py.SAEM.fast_1000,147.74682188034058,,,6.778795480728149
MCAR_20d_05corr_rep0_n115000_d20_corr50_NA25,py.SAEM.parallel,1000,"[[1.26385457500624, -0.3824369425194739, -0.3664086886366367, -1.1091897003399713, 0.9708064937527489, -2.054892882731459, 1.4821522736166926, -0.736877836915462, 0.47409793156274205, -0.11248751500075414, 1.0763068034745693, -1.7466183999325549, -0.4881139052178837, -0.498074490075807, 1.1195057752679851, -1.1708020629858498, -0.17766904128261746, -0.7039113838367714, -0.006466402562128611, 0.6529474718030782], [-0.021603677320834715]]",MCAR_20d_05corr_rep0_n115000_d20_corr50_NA25_py.SAEM.parallel_1000,251.4798562526703,,,6.762275457382202
MCAR_20d_05corr_rep0_n115000_d20_corr50_NA25,py.SAEM,5000,"[[1.4383230660125743, -0.5194986136100226, -0.4119066840527019, -1.1007639225466865, 0.9843467840709043, -2.3399104487331988, 1.7251057731414388, -0.7765840047486933, 0.39114424885386667, -0.147831918374758, 1.338585815271151, -1.9480038512422184, -0.32453031015221134, -0.3658154942957211, 0.9626821570245486, -1.0081110184643904, -0.11663179894167004, -0.9402481383024073, 0.1601314341291607, 0.522518727166851], [-0.04265484457796829]]",MCAR_20d_05corr_rep0_n115000_d20_corr50_NA25_py.SAEM_5000,662.2433393001556,,,6.839858531951904
MCAR_20d_05corr_rep0_n115000_d20_corr50_NA25,py.SAEM.fast,5000,"[[1.5444674164541785, -0.5389241709248432, -0.46774777067499496, -1.2392254688453546, 0.9721760436660711, -2.461065441788036, 1.7984240076041016, -0.8024927120951666, 0.41107774814881326, -0.13322156006842176, 1.424838483406794, -2.1100090820241, -0.4240521916428695, -0.39162670571144254, 0.9971913710652944, -1.0447327596772995, -0.19432827981320533, -1.0671951843959626, 0.17523291877304914, 0.5623650314222366], [-0.039354102707042246]]",MCAR_20d_05corr_rep0_n115000_d20_corr50_NA25_py.SAEM.fast_5000,378.41313886642456,,,6.720721006393433
MCAR_20d_05corr_rep0_n115000_d20_corr50_NA25,py.SAEM.parallel,5000,"[[1.448219905077234, -0.5040716729174439, -0.4404712363091438, -1.0976272486566019, 0.9823446009533743, -2.361171643471814, 1.7361046667067859, -0.7882392986235389, 0.40252212918246016, -0.1459026127466798, 1.3524396240491505, -1.9684781627499077, -0.33010367139547675, -0.36474989317642903, 0.9727260455282531, -1.0121838480338117, -0.14730211866638862, -0.9277933351556485, 0.14906917317324703, 0.549641992895234], [-0.04303577018555615]]",MCAR_20d_05corr_rep0_n115000_d20_corr50_NA25_py.SAEM.parallel_5000,514.2295181751251,,,6.825345039367676
MCAR_20d_05corr_rep0_n115000_d20_corr50_NA25,py.SAEM,10000,"[[1.5033257075497786, -0.6117365322988263, -0.4648629503548416, -1.0503185137821387, 0.84982630340875, -2.2283909461177793, 1.722689214839065, -0.7563853137253829, 0.3457645372012209, -0.2362315742409903, 1.3997349097647864, -1.9625689199681295, -0.26670698858131225, -0.47654645884198, 1.0955457532882658, -0.9953146173548169, -0.13843485023183663, -0.8964679649853473, 0.11744797974969523, 0.5538395779832436], [-0.016358169894857118]]",MCAR_20d_05corr_rep0_n115000_d20_corr50_NA25_py.SAEM_10000,780.8541741371155,,,6.688055992126465
MCAR_20d_05corr_rep0_n115000_d20_corr50_NA25,py.SAEM.fast,10000,"[[1.6492597566819522, -0.6290122000278318, -0.5531568444414483, -1.1507010561531388, 0.8339801359368927, -2.378946689446185, 1.8205090399700083, -0.7722953464898588, 0.3323895151593885, -0.2035946629537873, 1.473266143750571, -2.1265519766643033, -0.374237573802193, -0.5027283501953657, 1.1561478009044164, -1.114389691595702, -0.16795552624018828, -0.9996933151479026, 0.10768619763843972, 0.6215424948556179], [-0.023849221916493767]]",MCAR_20d_05corr_rep0_n115000_d20_corr50_NA25_py.SAEM.fast_10000,514.8117070198059,,,6.760830402374268
MCAR_20d_05corr_rep0_n115000_d20_corr50_NA25,py.SAEM.parallel,10000,"[[1.5189427854283861, -0.6179881175023126, -0.4624069819235155, -1.0667342776866402, 0.8653755965621429, -2.245798326039272, 1.7339175584070807, -0.7667836491734477, 0.37079324440953465, -0.2606107848165872, 1.402322211894244, -1.9665204086513135, -0.2824551576617177, -0.45969531357154275, 1.0822875443149569, -1.0063414093589578, -0.12429820776055776, -0.8963313380692648, 0.10421277367878862, 0.577909963771277], [-0.017488533864248413]]",MCAR_20d_05corr_rep0_n115000_d20_corr50_NA25_py.SAEM.parallel_10000,809.2325663566589,,,6.776034832000732
MCAR_20d_05corr_rep1_n115000_d20_corr50_NA25,py.SAEM,100,"[[0.18967072060984091, 0.4648793324410008, -1.5912863367227112, -1.2471002676692273, 0.28669560139365724, -0.8960907150291088, -0.5864929526067392, -0.1037568932475934, 0.147362031494649, 0.7479675944653771, 0.4275601756438002, 0.2888811018302827, 1.1592490652283798, -0.43069026904351704, 0.03448611229355805, -0.47477631572663676, 0.39365808214852543, -0.6420108107576183, -0.859757662350832, 0.08263680412550851], [0.02367978270368012]]",MCAR_20d_05corr_rep1_n115000_d20_corr50_NA25_py.SAEM_100,38.277021646499634,,,6.699182748794556
MCAR_20d_05corr_rep1_n115000_d20_corr50_NA25,py.SAEM.fast,100,"[[0.1361368683666473, 0.2657735000531433, -1.5478173875341679, -1.3826200065940362, 0.3461328360307677, -0.9489366503369691, -0.5516125584154897, -0.12496258177107597, -0.07409768356849133, 1.1901085324469676, 0.20177747963348389, 0.2146611583115472, 1.1409116343437133, -0.586741314228045, 0.1581224531448998, -0.25137155072211287, 0.1684093748095912, -0.5079148541126097, -0.7845956083149112, -0.1098668993744895], [0.0339691602002213]]",MCAR_20d_05corr_rep1_n115000_d20_corr50_NA25_py.SAEM.fast_100,22.532577991485596,,,6.76885461807251
MCAR_20d_05corr_rep1_n115000_d20_corr50_NA25,py.SAEM.parallel,100,"[[0.2776424980938333, 0.5485103858046262, -1.4746451642988065, -1.2577343187979502, 0.33991600201809374, -0.8664874980324495, -0.6744909958708336, -0.2561955920541307, 0.2834317678589959, 0.6892999460714215, 0.4606650526699054, 0.2618796355220155, 1.1570008051266674, -0.31902272259952696, -0.089354497738708, -0.46875311693262095, 0.4273950472710817, -0.7257332413068869, -0.8907450483190973, 0.13048344852546223], [0.04180437227884382]]",MCAR_20d_05corr_rep1_n115000_d20_corr50_NA25_py.SAEM.parallel_100,36.88153338432312,,,6.749686002731323
MCAR_20d_05corr_rep1_n115000_d20_corr50_NA25,py.SAEM,500,"[[-0.006518452736382238, 0.3779029088672139, -1.5579902863575148, -1.5820720677448668, 0.33501785334029577, -0.8255137886030137, -1.4294179209650237, 0.7171265160168836, 0.058565288426580736, 1.623502355503549, -0.6569105673459423, 0.7665673827581864, 1.0255991871721566, 0.010584035019996005, -0.13722694209939837, -0.36819884849498596, 0.634241474325941, -0.6978174701106873, -0.887513543146589, -0.35139192818637094], [0.2873008904924777]]",MCAR_20d_05corr_rep1_n115000_d20_corr50_NA25_py.SAEM_500,170.53129839897156,,,6.670422554016113
MCAR_20d_05corr_rep1_n115000_d20_corr50_NA25,py.SAEM.fast,500,"[[0.03667772490649815, 0.36949836191434693, -1.677884049759164, -1.7271985967714085, 0.3854076829914229, -0.8225240895603403, -1.5234171295317813, 0.7408063466989524, 0.07176831521753162, 1.574160129511525, -0.5920745310405763, 0.8922086737467658, 1.009373749339561, -0.028832995122022042, -0.15483816118203703, -0.3445812806380463, 0.668799713991187, -0.8776627971453252, -0.7932406377887582, -0.42521092662491067], [0.32807114479490485]]",MCAR_20d_05corr_rep1_n115000_d20_corr50_NA25_py.SAEM.fast_500,98.50957083702087,,,6.7343409061431885
MCAR_20d_05corr_rep1_n115000_d20_corr50_NA25,py.SAEM.parallel,500,"[[0.01382238121033258, 0.3643709046753034, -1.571909723583243, -1.5698144767516904, 0.30654726213035977, -0.7870050454172763, -1.449157486461688, 0.7050212149021846, 0.09285894283616457, 1.5922231490393486, -0.6307760932439211, 0.8087372499733463, 0.9778104964233423, 0.054399971309376974, -0.11494989402114518, -0.43883722873450953, 0.6685539210091908, -0.6972420577510264, -0.8981155641895421, -0.3463082602370475], [0.29550094786825776]]",MCAR_20d_05corr_rep1_n115000_d20_corr50_NA25_py.SAEM.parallel_500,163.57802605628967,,,6.889299631118774
MCAR_20d_05corr_rep1_n115000_d20_corr50_NA25,py.SAEM,1000,"[[0.11642273039136224, 0.47071203289767555, -1.7619169836541266, -1.925284928858893, 0.45971971883857904, -0.8199142272693256, -1.6671019315657472, 0.7564355386775081, 0.1869650137247119, 1.679755800779944, -0.5194078822645272, 0.7909493616344632, 1.3720984677135517, -0.2335115833607107, -0.019280324799731522, -0.7436333887123722, 0.6074539613448714, -0.45003039122869043, -0.9246309245669783, -0.42879934702943184], [0.17141762278033218]]",MCAR_20d_05corr_rep1_n115000_d20_corr50_NA25_py.SAEM_1000,266.48870635032654,,,6.810798406600952
MCAR_20d_05corr_rep1_n115000_d20_corr50_NA25,py.SAEM.fast,1000,"[[0.14500265562709105, 0.44121394561631566, -1.8974491776851687, -2.0396185958292814, 0.4102105626443426, -0.8324231835540056, -1.8767670542203327, 0.8617944248145492, 0.1389188512829384, 1.7353563683678692, -0.47097427158546656, 0.8858828621515075, 1.3844842968899893, -0.06276028881378594, -0.06214813361885377, -0.7151727055102719, 0.5619687741981011, -0.5596809371443462, -0.9050306346492714, -0.4575198837365705], [0.177976608734767]]",MCAR_20d_05corr_rep1_n115000_d20_corr50_NA25_py.SAEM.fast_1000,155.53348660469055,,,7.140031576156616
MCAR_20d_05corr_rep1_n115000_d20_corr50_NA25,py.SAEM.parallel,1000,"[[0.1229739387750294, 0.49106387203796154, -1.7542909619196483, -1.893310791984507, 0.4295729216646789, -0.8013688678936737, -1.6696715123864558, 0.7662226152578603, 0.18508626341201348, 1.6459065060732585, -0.5081349051564623, 0.7748752705542579, 1.37155182580553, -0.25037250403246525, -0.009333632647222383, -0.7253644336017933, 0.5638976574502219, -0.43358541641738535, -0.9138215836923685, -0.425039887413937], [0.18206468406391488]]",MCAR_20d_05corr_rep1_n115000_d20_corr50_NA25_py.SAEM.parallel_1000,253.55070161819458,,,6.6825854778289795
MCAR_20d_05corr_rep1_n115000_d20_corr50_NA25,py.SAEM,5000,"[[0.08967294284143493, 0.5676133631830285, -1.5049730248957514, -1.8875454156156382, 0.437100044354616, -0.5899363283388116, -1.5390980701148396, 0.8884180151276073, 0.26360547661969363, 1.3451507637513518, -0.6392491944919151, 1.0208869465845367, 1.2172233576342069, -0.15742323005158565, 0.051869133961644255, -0.505383568378909, 0.33152535117834214, -0.11904897211424642, -0.9481524799692526, -0.3977024893802358], [0.061969492049045505]]",MCAR_20d_05corr_rep1_n115000_d20_corr50_NA25_py.SAEM_5000,735.2923536300659,,,6.885290861129761
MCAR_20d_05corr_rep1_n115000_d20_corr50_NA25,py.SAEM.fast,5000,"[[0.11092985197222406, 0.5680697753846908, -1.6831283774154506, -2.0088090011083803, 0.40841345366800025, -0.6903047125291284, -1.6325601538669097, 0.9409240791207316, 0.31768430220493993, 1.4308155894168655, -0.5909213972437392, 1.083346958489264, 1.3137538711860066, -0.06898757563332981, 0.01780447280795457, -0.49009960626126287, 0.33660668421645984, -0.18980492410148947, -0.9944582543034135, -0.461997935022223], [0.09236422078783901]]",MCAR_20d_05corr_rep1_n115000_d20_corr50_NA25_py.SAEM.fast_5000,361.9398214817047,,,6.7206385135650635
MCAR_20d_05corr_rep1_n115000_d20_corr50_NA25,py.SAEM.parallel,5000,"[[0.10317815271152925, 0.5532177154068114, -1.5016956112472915, -1.859244729891902, 0.4280650302978265, -0.5767530849230258, -1.5228126325280529, 0.8786902255074779, 0.27525318302213936, 1.3276161272086107, -0.6268331946055457, 1.008070088907826, 1.1958392187961722, -0.1378942506399795, 0.03891602233470992, -0.4951486008730236, 0.32677958086480274, -0.13710016947298598, -0.9089622559970243, -0.4051555449057132], [0.0615264658852519]]",MCAR_20d_05corr_rep1_n115000_d20_corr50_NA25_py.SAEM.parallel_5000,699.5869035720825,,,6.693312406539917
MCAR_20d_05corr_rep1_n115000_d20_corr50_NA25,py.SAEM,10000,"[[0.14360434583332762, 0.5686785326058209, -1.5194287723723128, -1.9076063417174398, 0.5306426546164665, -0.5923346921402499, -1.5163262666635724, 0.8445492531782284, 0.34425324652429473, 1.3038281338233084, -0.49581720152826636, 0.8832780824174565, 1.215775598087986, -0.13325777856873836, 0.05899904009526223, -0.4540654016363857, 0.18325122280309233, -0.01684488666788906, -0.8697117122829237, -0.4147456098379429], [0.018945751758510838]]",MCAR_20d_05corr_rep1_n115000_d20_corr50_NA25_py.SAEM_10000,1058.3933908939362,,,6.795592784881592
MCAR_20d_05corr_rep1_n115000_d20_corr50_NA25,py.SAEM.fast,10000,"[[0.13493715377234752, 0.5499354289075299, -1.63912378434664, -2.013805912339069, 0.4930967603833007, -0.6752742571435231, -1.54408319455426, 0.8575725840398656, 0.4035698231712307, 1.3601406542620633, -0.43759261928443755, 0.943014375146339, 1.2790119491808443, -0.06754287513587844, 0.06200858925395927, -0.45787901818509186, 0.17616114244380976, -0.031897967009772356, -0.9391099306144922, -0.4546829149093351], [0.029252974324922798]]",MCAR_20d_05corr_rep1_n115000_d20_corr50_NA25_py.SAEM.fast_10000,554.2614376544952,,,6.962388038635254
MCAR_20d_05corr_rep1_n115000_d20_corr50_NA25,py.SAEM.parallel,10000,"[[0.13866297747992576, 0.5605594137365033, -1.5018262127308633, -1.9087763537077025, 0.5060399715869193, -0.5804147024815416, -1.514292554390567, 0.8457636963243584, 0.34005983227339626, 1.304896293484293, -0.5009700720600805, 0.8904989224088912, 1.2005635416496119, -0.13111910410937547, 0.05698491541675145, -0.46040405809893237, 0.18843922981175626, -0.016366300938831048, -0.872154953714365, -0.4203130114876093], [0.01974176274506261]]",MCAR_20d_05corr_rep1_n115000_d20_corr50_NA25_py.SAEM.parallel_10000,698.3270328044891,,,6.765557527542114
MCAR_20d_05corr_rep2_n115000_d20_corr50_NA25,py.SAEM,100,"[[-0.1286217523154156, -0.7576098366535517, 1.5944171249518224, 0.3309656779312931, 0.4520603206419865, -0.5159390388136079, 0.5608049826340425, -0.39635666551279575, -0.2770921757433785, 0.18551465142855542, 0.24157372290553727, 0.13722725376857786, 0.3243308662958338, -0.11602531393471399, -0.6058518128309335, -0.43715986049884875, 0.8792443263795034, -0.10824462911784449, 1.7285398800920673, 1.0100603823098449], [0.007141058428347203]]",MCAR_20d_05corr_rep2_n115000_d20_corr50_NA25_py.SAEM_100,38.3449764251709,,,6.848556280136108
MCAR_20d_05corr_rep2_n115000_d20_corr50_NA25,py.SAEM.fast,100,"[[-0.07806846682765818, -0.6295086452850227, 1.25456039330852, 0.41101563976999445, 0.5354739864052397, -0.7339362846262779, 0.282910541933514, -0.2832261833078197, -0.14339407489921163, 0.20342377188594, 0.08794974068790627, 0.22157445313008015, 0.33227920429722313, 0.013506708410209142, -0.9334729373278048, -0.4698537736737646, 0.8605783914254578, -0.24415525222420062, 2.040059232290156, 0.9474691974646465], [-0.27919080080424236]]",MCAR_20d_05corr_rep2_n115000_d20_corr50_NA25_py.SAEM.fast_100,22.441429615020752,,,7.005087614059448
MCAR_20d_05corr_rep2_n115000_d20_corr50_NA25,py.SAEM.parallel,100,"[[-0.10746650761540323, -0.7610644576043025, 1.6651936340608398, 0.3228337632216962, 0.4382837787319233, -0.5909229547690849, 0.5809239039778825, -0.4647110248430091, -0.19350029944769523, 0.16884567620680765, 0.1208383301031575, 0.11570122486298332, 0.2429212905453587, -0.08952683234949062, -0.6459429467246154, -0.32155420647111715, 0.8162152900277444, -0.10219289552363224, 1.7374501105171585, 0.9489590211721939], [-0.048001087374791244]]",MCAR_20d_05corr_rep2_n115000_d20_corr50_NA25_py.SAEM.parallel_100,37.06579923629761,,,6.78152871131897
MCAR_20d_05corr_rep2_n115000_d20_corr50_NA25,py.SAEM,500,"[[-0.3217023280581871, -1.4019018788132545, 1.8180045042933566, 0.4928313977348851, -0.43839569540085527, -1.0979031722920154, 0.22344787407989417, 0.08842819199791084, -0.8628062086777364, -0.6205715628212685, 0.708793462628444, -0.3508414049533989, 0.36984909510777825, 0.12136834445121476, -0.7761787452468051, -0.4312452796149931, 1.6986258773731182, -0.34581996463606135, 2.9270732895111955, 0.8224134463367445], [0.2098364034527701]]",MCAR_20d_05corr_rep2_n115000_d20_corr50_NA25_py.SAEM_500,171.85573315620422,,,6.780621528625488
MCAR_20d_05corr_rep2_n115000_d20_corr50_NA25,py.SAEM.fast,500,"[[-0.4255161305672544, -1.236630411666199, 1.702808884628461, 0.5347658765375477, -0.4527284404049996, -1.0732540992180355, 0.1299270725385121, 0.026449874020693827, -0.8426270738706682, -0.4874554536554329, 0.590141507146721, -0.40154029632612853, 0.4069304977964478, 0.01863110807799784, -0.8362221412504045, -0.33812566829022084, 1.584573969815894, -0.3312273993131641, 2.946982160878721, 0.93458329136952], [0.1620443233227258]]",MCAR_20d_05corr_rep2_n115000_d20_corr50_NA25_py.SAEM.fast_500,98.99670433998108,,,6.724903106689453
MCAR_20d_05corr_rep2_n115000_d20_corr50_NA25,py.SAEM.parallel,500,"[[-0.3381820911854326, -1.3771980514563227, 1.8047997166114034, 0.48770083921365437, -0.46547956887493874, -1.0944451213391273, 0.22416307878081748, 0.09968516491236185, -0.8890560518874179, -0.6009224102424338, 0.6569852320683837, -0.3167555674923708, 0.3880166387217934, 0.10652608248903647, -0.7893347714269727, -0.46030567111772364, 1.7214631191182246, -0.3482406321800458, 2.914281946296776, 0.8489727724749766], [0.20969502965283524]]",MCAR_20d_05corr_rep2_n115000_d20_corr50_NA25_py.SAEM.parallel_500,164.50521039962769,,,6.717540264129639
MCAR_20d_05corr_rep2_n115000_d20_corr50_NA25,py.SAEM,1000,"[[-0.6083875771984252, -1.2078379427551535, 1.4258995137756008, 0.4737199762213732, -0.5389925255525678, -0.9997994514844047, 0.24775605602015832, -0.25188784540758236, -0.6928576381921541, -0.6397494811620201, 0.4528367396294161, -0.22049567426413255, 0.44807642685214616, 0.25813252629285, -1.1081936202765603, -0.4342762490097326, 1.9209085631661131, -0.7300188992276551, 3.048888536177772, 1.0576761799445087], [0.14842193458476857]]",MCAR_20d_05corr_rep2_n115000_d20_corr50_NA25_py.SAEM_1000,274.1107864379883,,,6.8841211795806885
MCAR_20d_05corr_rep2_n115000_d20_corr50_NA25,py.SAEM.fast,1000,"[[-0.6308927414458135, -1.21812095322909, 1.396915447681092, 0.5620190566297886, -0.6746085167610786, -0.9341094515222774, 0.07564209049534175, -0.22369609285888592, -0.7202390062419343, -0.572189612379936, 0.306089742357515, -0.21655621176032355, 0.5290605195230978, 0.17974859844745972, -1.1407789292867114, -0.42166495999865333, 1.8936196876970441, -0.7317569890636278, 3.1671273577670047, 1.1995794484369406], [0.12632635083148977]]",MCAR_20d_05corr_rep2_n115000_d20_corr50_NA25_py.SAEM.fast_1000,181.3406503200531,,,6.703219175338745
MCAR_20d_05corr_rep2_n115000_d20_corr50_NA25,py.SAEM.parallel,1000,"[[-0.6303283171361749, -1.2125616547785973, 1.443420670250521, 0.49610110816992703, -0.5813755946324178, -0.9722922751363658, 0.25713070819802364, -0.2515763751519629, -0.7102941015711368, -0.6390071167718326, 0.451588936542084, -0.19801270020823694, 0.4273230877963354, 0.30244488187204216, -1.1340553684192445, -0.43978863737090124, 1.931701152196845, -0.7297799979022481, 3.0887499208987963, 1.0760892423081048], [0.14330837598530985]]",MCAR_20d_05corr_rep2_n115000_d20_corr50_NA25_py.SAEM.parallel_1000,306.0796627998352,,,6.729589462280273
MCAR_20d_05corr_rep2_n115000_d20_corr50_NA25,py.SAEM,5000,"[[-0.7619693692572956, -1.1215677782037388, 1.3259872628057405, 0.23063466023202647, -0.7278392037185343, -0.6898273710931507, 0.2462834788018036, -0.20904402364696453, -0.8307069755815739, -0.5143863948104817, 0.380173633967069, -0.037589535421422286, 0.25774550384518097, 0.45816151920966086, -1.3679784411112166, -0.5334224410102811, 1.9202674879140176, -0.7928088270254561, 2.777139267424118, 1.2408321618143194], [0.03521033682869913]]",MCAR_20d_05corr_rep2_n115000_d20_corr50_NA25_py.SAEM_5000,616.400518655777,,,6.8130950927734375
MCAR_20d_05corr_rep2_n115000_d20_corr50_NA25,py.SAEM.fast,5000,"[[-0.8149351512476626, -1.1871996832582234, 1.3404058378993813, 0.26884692858623654, -0.7996589307454155, -0.7199623867499482, 0.19471040881215448, -0.2502765496393949, -0.8756783217669463, -0.624581447309824, 0.37359436792796724, 0.006805666621269605, 0.24010848791719, 0.4774805932382027, -1.4596784566638878, -0.5458984443345513, 1.9926921163395497, -0.7661805469092993, 3.033260418511316, 1.3845433478420408], [0.04208846741035671]]",MCAR_20d_05corr_rep2_n115000_d20_corr50_NA25_py.SAEM.fast_5000,441.0478038787842,,,6.747708320617676
MCAR_20d_05corr_rep2_n115000_d20_corr50_NA25,py.SAEM.parallel,5000,"[[-0.7684168566594731, -1.1234528486385362, 1.3249078221698238, 0.23464146521511783, -0.7563828500635493, -0.6633756527342115, 0.24959817079763533, -0.21599713187440112, -0.8179605377483609, -0.5473101990679037, 0.3944494145077947, -0.029725237761080704, 0.266230361207665, 0.44993969079553203, -1.3663508314194739, -0.5422534034773853, 1.9194508132023853, -0.7809333678735503, 2.7830594011019114, 1.2405409667872336], [0.036283346223439775]]",MCAR_20d_05corr_rep2_n115000_d20_corr50_NA25_py.SAEM.parallel_5000,676.7036814689636,,,6.74682879447937
MCAR_20d_05corr_rep2_n115000_d20_corr50_NA25,py.SAEM,10000,"[[-0.8415956669867961, -1.1613307899653962, 1.308570225717798, 0.304453893269574, -0.7248670164631436, -0.9007112203981699, 0.3093566789258947, -0.3216498755861765, -0.7453351261836382, -0.5792257053740375, 0.4660464904876767, -0.02521367853925845, 0.12372733193366746, 0.5995302547697382, -1.4134672308450458, -0.5945649866072367, 2.1243658275369564, -0.9715513366507407, 3.00354359557314, 1.3497310125332544], [0.0633124622194902]]",MCAR_20d_05corr_rep2_n115000_d20_corr50_NA25_py.SAEM_10000,1023.7184801101685,,,7.017733812332153
MCAR_20d_05corr_rep2_n115000_d20_corr50_NA25,py.SAEM.fast,10000,"[[-0.9497481594005364, -1.2743750520133894, 1.3711458524665772, 0.35739662295443503, -0.8229496928297803, -0.9615275342769086, 0.26092582313039875, -0.3740789307186453, -0.8693439150305413, -0.6644684004186174, 0.47754695528657215, -0.029098884967446875, 0.12969399539324694, 0.6490272812752345, -1.5658897932782747, -0.6136454246150607, 2.266116146156039, -0.9599289909005531, 3.331957705779722, 1.5924180284470146], [0.06117762742619317]]",MCAR_20d_05corr_rep2_n115000_d20_corr50_NA25_py.SAEM.fast_10000,683.9283113479614,,,6.7214906215667725
MCAR_20d_05corr_rep2_n115000_d20_corr50_NA25,py.SAEM.parallel,10000,"[[-0.8686395405907493, -1.1672555468663883, 1.3080286603347668, 0.32496977880033145, -0.7292076030531022, -0.9069931065765272, 0.3029683755836027, -0.3266893707019401, -0.7355564457179486, -0.6222207197683105, 0.4912647919291187, -0.03124278897343235, 0.12786672438100166, 0.6250565746996362, -1.4436773786852706, -0.6047966653042851, 2.1677309516641348, -1.0032998839562917, 3.0513736156298936, 1.3751398226155296], [0.05802312292222831]]",MCAR_20d_05corr_rep2_n115000_d20_corr50_NA25_py.SAEM.parallel_10000,994.0410463809967,,,6.790634870529175
MCAR_20d_05corr_rep3_n115000_d20_corr50_NA25,py.SAEM,100,"[[0.49058957682381277, 0.12055198937740133, 1.199201041157779, 0.10132695981663051, -0.03343565911886159, 0.5603582724542522, 0.6621148131581943, 0.46623910543935465, -1.324615518609579, 0.6195491888668218, 0.10581460796728233, -0.3171765342720474, 0.6163423290715134, -0.6742386790347195, -0.617573785567552, 0.5445819352431893, 0.5483396487353269, 1.4804989095422398, 0.32137550653317615, -1.0972489639814706], [-0.24079159422338672]]",MCAR_20d_05corr_rep3_n115000_d20_corr50_NA25_py.SAEM_100,38.91156578063965,,,6.77506685256958
MCAR_20d_05corr_rep3_n115000_d20_corr50_NA25,py.SAEM.fast,100,"[[0.3172511313070709, 0.46707583610238856, 1.3712993659855088, -0.03611569192894302, -0.42868446137560967, 0.6071234567377909, 0.34934084664774706, 0.18066959701705385, -0.9900943711936707, 0.5923915900461089, -0.153420520458455, 0.12819500987544524, 0.017925088258497625, -0.36210741500228083, -0.5264323139612038, 0.4832855992069368, 0.514512623058231, 1.7185390070691566, 0.3359661156198533, -1.1013892953400313], [-0.5896944735921965]]",MCAR_20d_05corr_rep3_n115000_d20_corr50_NA25_py.SAEM.fast_100,22.05376887321472,,,6.766122102737427
MCAR_20d_05corr_rep3_n115000_d20_corr50_NA25,py.SAEM.parallel,100,"[[0.5854702988549407, 0.19247377424437262, 1.0337952582028969, 0.2245375375102911, 0.026692613313337585, 0.4952124882153395, 0.721352141367962, 0.5129087683114362, -1.2756881709029064, 0.6082150623771383, 0.21123699665949172, -0.36803410630137995, 0.6426341220819466, -0.7650180767076898, -0.5713711922301808, 0.5252032812763653, 0.5800236649162256, 1.4995990495496418, 0.2721442962182714, -1.0864102132527778], [-0.2680474538019652]]",MCAR_20d_05corr_rep3_n115000_d20_corr50_NA25_py.SAEM.parallel_100,36.606781005859375,,,6.653236389160156
MCAR_20d_05corr_rep3_n115000_d20_corr50_NA25,py.SAEM,500,"[[0.12900918376726736, 0.580232234115324, 0.8615946765394951, 0.6807802371085534, -0.18949035711812753, 0.4836520936805415, -0.13195032690298908, 1.087488714591698, -1.2647949840665198, 0.3415593494234863, 0.5262099845524235, -0.5509347383220979, 0.6119996328498947, -0.4735428683883588, -0.8397935405832598, 0.5401971704424914, 0.6679076124939833, 1.2282070714461437, -0.3201544440190773, -0.554933503606708], [-0.1325838600542611]]",MCAR_20d_05corr_rep3_n115000_d20_corr50_NA25_py.SAEM_500,164.68676137924194,,,6.707721471786499
MCAR_20d_05corr_rep3_n115000_d20_corr50_NA25,py.SAEM.fast,500,"[[0.18528167087192243, 0.623189035444416, 0.9665668706909872, 0.7629024088077997, -0.2621788856249019, 0.5971108438838072, -0.1100593577821359, 1.068053996282969, -1.2148776295218984, 0.33491339043083446, 0.6057252662587231, -0.6127223608448611, 0.7740680587981933, -0.6272909474556393, -0.7966864409914779, 0.6096782856064069, 0.7715216083895416, 1.2996480320561734, -0.3679674779068115, -0.5614446318914793], [-0.17154300967427694]]",MCAR_20d_05corr_rep3_n115000_d20_corr50_NA25_py.SAEM.fast_500,95.12060189247131,,,6.733769178390503
MCAR_20d_05corr_rep3_n115000_d20_corr50_NA25,py.SAEM.parallel,500,"[[0.14344921041547828, 0.5662650103837, 0.8563244435827403, 0.7070153167478538, -0.2045502226859833, 0.48331166179851853, -0.14018809386213135, 1.1210336341341012, -1.2830664240225351, 0.3265014369143652, 0.5611233452308361, -0.5877054817496034, 0.6454722018906437, -0.48780888040393866, -0.8282349051367699, 0.5308693533370435, 0.6745214115806254, 1.2436052754974232, -0.3475881098947003, -0.5355792317401505], [-0.14031023767533427]]",MCAR_20d_05corr_rep3_n115000_d20_corr50_NA25_py.SAEM.parallel_500,161.2988474369049,,,6.718217134475708
MCAR_20d_05corr_rep3_n115000_d20_corr50_NA25,py.SAEM,1000,"[[0.20130773705912638, 0.5341005317794182, 0.9314988671621922, 0.9404181936742083, -0.3870205803171939, 0.7828883614517943, -0.3687803184016173, 1.2829320916778824, -1.3872634084622713, 0.5526485464656035, 0.3333413560928631, -0.47946929120890724, 0.785121833230135, -0.867241560137598, -0.581590259797059, 0.3864914958370857, 0.6696722093325036, 1.5492445044101748, -0.5188592691954069, -0.4810257796854699], [0.0066919573829531615]]",MCAR_20d_05corr_rep3_n115000_d20_corr50_NA25_py.SAEM_1000,215.72788786888123,,,6.7216222286224365
MCAR_20d_05corr_rep3_n115000_d20_corr50_NA25,py.SAEM.fast,1000,"[[0.20047773195258264, 0.6565914099455709, 1.0200799654046506, 0.9850970704506861, -0.3383022093712937, 0.8882993999018122, -0.30706262969704234, 1.2871372066301794, -1.3671094599420062, 0.5248722464012497, 0.4262352726091099, -0.5224767349765495, 0.8384046888353877, -0.9895383131947519, -0.5888462637734361, 0.3996329048450725, 0.8796425096208775, 1.5923376456212432, -0.4537270530152323, -0.5498577501488117], [-0.032089960224086146]]",MCAR_20d_05corr_rep3_n115000_d20_corr50_NA25_py.SAEM.fast_1000,106.14537167549133,,,6.705367565155029
MCAR_20d_05corr_rep3_n115000_d20_corr50_NA25,py.SAEM.parallel,1000,"[[0.16833613844300996, 0.5634521596475072, 0.926030431741327, 0.9425234194880076, -0.39680495140927746, 0.8065890920175744, -0.4134900673264424, 1.2968295376128989, -1.3829645121181946, 0.5637643830335001, 0.3221473317616479, -0.49272459115445005, 0.8075656697751668, -0.8712721473600638, -0.6008812529213546, 0.40773531706928995, 0.6772713653765849, 1.560491012566831, -0.5199487996955152, -0.4911297658150217], [0.008546659489105346]]",MCAR_20d_05corr_rep3_n115000_d20_corr50_NA25_py.SAEM.parallel_1000,221.14273715019226,,,6.648733854293823
MCAR_20d_05corr_rep3_n115000_d20_corr50_NA25,py.SAEM,5000,"[[0.042105635383108395, 0.5982874287093675, 1.0221925257859645, 1.2099779816500273, -0.716572124135567, 1.1053902382804548, -0.5749358388813773, 1.3123016343994265, -1.3828615093481227, 0.5591785918825664, 0.32017619569531314, -0.38792395569661425, 0.8458993433286507, -1.0791794990484322, -0.6090852570716281, 0.5272612636172684, 0.6602682238160212, 1.4654894953906956, -0.5845515933545067, -0.35691299536511195], [0.034836535094172845]]",MCAR_20d_05corr_rep3_n115000_d20_corr50_NA25_py.SAEM_5000,652.1953570842743,,,6.696321964263916
MCAR_20d_05corr_rep3_n115000_d20_corr50_NA25,py.SAEM.fast,5000,"[[0.040315138002616435, 0.7174401057784837, 1.1734441836164682, 1.3351306815774697, -0.7082680793660749, 1.186225114936935, -0.5761473783096852, 1.389071363284212, -1.4509859540161925, 0.5737074367688718, 0.38652860256466903, -0.43030891592585796, 0.9260827753994344, -1.2405934494660533, -0.692355558640739, 0.6344849497829884, 0.7416153962194391, 1.6326153131490202, -0.6190427235441897, -0.36979035448642156], [0.028364362086090108]]",MCAR_20d_05corr_rep3_n115000_d20_corr50_NA25_py.SAEM.fast_5000,357.84999322891235,,,6.78137731552124
MCAR_20d_05corr_rep3_n115000_d20_corr50_NA25,py.SAEM.parallel,5000,"[[0.03978248882621289, 0.5905720725307587, 1.0194801569112166, 1.1951286816577444, -0.6976782180177769, 1.0835619822901823, -0.5572272795813306, 1.2858334825183584, -1.3539161169272655, 0.5474411851208957, 0.33720559416906365, -0.40093975950750893, 0.8441808136180058, -1.0682471074070732, -0.6167903095848882, 0.542712398927204, 0.6472591886081703, 1.454157706571024, -0.5783773218464175, -0.3493538962249413], [0.033590449939738386]]",MCAR_20d_05corr_rep3_n115000_d20_corr50_NA25_py.SAEM.parallel_5000,538.1888954639435,,,6.679759979248047
MCAR_20d_05corr_rep3_n115000_d20_corr50_NA25,py.SAEM,10000,"[[-0.04736504952956983, 0.6594604079042286, 1.019808637943577, 1.3132681078281145, -0.8370736496222988, 1.237508557703626, -0.591970720749001, 1.3086378692499896, -1.4017685342603952, 0.6445882446521586, 0.26979096335640657, -0.39258534722288013, 0.8978269048525763, -1.0170476165802864, -0.6271234841950447, 0.5258787461918127, 0.6841652126395339, 1.4398174278557323, -0.4785426128426522, -0.4229236343211215], [0.030215833427864994]]",MCAR_20d_05corr_rep3_n115000_d20_corr50_NA25_py.SAEM_10000,1060.7487733364105,,,6.76493501663208
MCAR_20d_05corr_rep3_n115000_d20_corr50_NA25,py.SAEM.fast,10000,"[[-0.03349830231080385, 0.7730721750000122, 1.1508981127052373, 1.4548169104184208, -0.8066051872300604, 1.3015401411977239, -0.5858693003089411, 1.3637773611211783, -1.4525200504273188, 0.6566129757454253, 0.30156230067271006, -0.38373695254900986, 0.9250713137575673, -1.0947305211258074, -0.6761849961419797, 0.561447208464183, 0.8002250135764432, 1.5387952085798093, -0.4978305195573008, -0.4373303534690932], [0.028234504296597594]]",MCAR_20d_05corr_rep3_n115000_d20_corr50_NA25_py.SAEM.fast_10000,624.6447339057922,,,6.767113208770752
MCAR_20d_05corr_rep3_n115000_d20_corr50_NA25,py.SAEM.parallel,10000,"[[-0.042734350335127756, 0.657439132138652, 1.0428109515088013, 1.3348999921062439, -0.8501943876197697, 1.2488921278683047, -0.6048530128321371, 1.3195245748710032, -1.4158412170457066, 0.6622784669797296, 0.26594414917239334, -0.3974177128380906, 0.9143880058170702, -1.0314226424285127, -0.6339788112910757, 0.5271879544823177, 0.702731334746451, 1.4614503627679287, -0.5019127868557045, -0.41762160418680716], [0.030849112358560093]]",MCAR_20d_05corr_rep3_n115000_d20_corr50_NA25_py.SAEM.parallel_10000,689.3190789222717,,,6.654321193695068
MCAR_20d_05corr_rep4_n115000_d20_corr50_NA25,py.SAEM,100,"[[0.6823663591999778, 0.737414981313786, 0.7608568653049063, -0.31279924775358836, 0.1857483208529426, -0.11648158926392062, -0.3523882645344431, -0.3107287936618398, -0.33008407634946696, -1.5765403598153667, -0.1548976778502464, 0.4500173053380201, -0.540897946364607, 0.5594999484883255, 0.1119010679679781, 1.170372857871832, -1.0684245751869408, 1.6339881693936362, -0.08525411033291042, -0.1489076227598855], [-0.24718599385821965]]",MCAR_20d_05corr_rep4_n115000_d20_corr50_NA25_py.SAEM_100,39.226375579833984,,,6.726944208145142
MCAR_20d_05corr_rep4_n115000_d20_corr50_NA25,py.SAEM.fast,100,"[[0.7640907996550949, 0.9170504727011628, 0.35242004493572776, -0.13139076223489984, -0.39304409191086015, -0.004319609957253969, -0.017343949981662395, -0.36313918298530146, -0.41467646386056417, -1.6285935248493129, -0.09646101405975281, 0.2707410618461992, -0.19763166841749902, 0.632196506132193, 0.0512110334831786, 1.2455913374863312, -0.8684013732392012, 1.6389303282840335, -0.3002097048211342, 0.31274716059691304], [-0.04274717898239803]]",MCAR_20d_05corr_rep4_n115000_d20_corr50_NA25_py.SAEM.fast_100,22.45138382911682,,,7.00288724899292
MCAR_20d_05corr_rep4_n115000_d20_corr50_NA25,py.SAEM.parallel,100,"[[0.793676591157648, 0.6710256805469443, 0.7147799908311928, -0.29961652008957845, 0.0732490463367098, -0.04512008641072266, -0.23581998925347394, -0.29393691192589255, -0.3690390747536251, -1.568920442993401, -0.24625457685630153, 0.4685627557394692, -0.555497287356377, 0.605078257916145, 0.02208515782953278, 1.1375066342922306, -1.070744147350198, 1.6316060837926876, -0.242717037771866, 0.103046313540662], [-0.2744312990282285]]",MCAR_20d_05corr_rep4_n115000_d20_corr50_NA25_py.SAEM.parallel_100,36.766900300979614,,,6.733017206192017
MCAR_20d_05corr_rep4_n115000_d20_corr50_NA25,py.SAEM,500,"[[0.6425914051122088, 0.6024131876043474, 1.356913941801157, -0.5213933106537496, -0.22458651939720475, 0.18679677894013724, -0.9182304693113169, -0.2784859242037614, -0.8466534077896831, -1.0836735646201552, 0.3666812314665389, 0.12367966704320317, -0.7596873867495992, 0.16344831834695317, 0.033939102590357755, 1.8032269525309825, -0.6747501266891209, 1.7042066778780487, -0.3309506067819828, 0.2312872266192817], [-0.271625319700906]]",MCAR_20d_05corr_rep4_n115000_d20_corr50_NA25_py.SAEM_500,171.2100191116333,,,6.778887987136841
MCAR_20d_05corr_rep4_n115000_d20_corr50_NA25,py.SAEM.fast,500,"[[0.5144868390617019, 0.7114330702026752, 1.3562060835567837, -0.4875149633787592, -0.23823926530648942, 0.192987450455794, -0.9474593926428049, -0.3540605830250044, -0.8898521405371875, -1.0582677938101532, 0.178846875129228, 0.27974300538643476, -0.8330510333754164, 0.22781491202170373, 0.05121374435301806, 1.828144034853341, -0.5451328385076287, 1.5739184141509275, -0.24942293565476523, 0.18126448127099437], [-0.3252986040090233]]",MCAR_20d_05corr_rep4_n115000_d20_corr50_NA25_py.SAEM.fast_500,97.44565272331238,,,6.742808103561401
MCAR_20d_05corr_rep4_n115000_d20_corr50_NA25,py.SAEM.parallel,500,"[[0.6198126946086822, 0.6517594705718528, 1.3548172637342888, -0.49092146600218, -0.25656041573240745, 0.18594282083459698, -0.9029166282852839, -0.29113175973372657, -0.8331713824925103, -1.0893623174868154, 0.3475030825366654, 0.1301892290946285, -0.7418299169907111, 0.17450477632680433, 0.00963872930017058, 1.8433787654503437, -0.6965370796775967, 1.739745230170386, -0.3545526689905867, 0.23997785293542861], [-0.27171511974915546]]",MCAR_20d_05corr_rep4_n115000_d20_corr50_NA25_py.SAEM.parallel_500,163.28174948692322,,,6.879415988922119
MCAR_20d_05corr_rep4_n115000_d20_corr50_NA25,py.SAEM,1000,"[[0.5197868805400674, 0.4322306021765529, 1.2969567673834874, -0.3564032090649677, -0.2307371744778436, 0.10561901523268953, -0.9063903429860242, -0.2585821359877797, -0.6761969117591236, -1.3379621166378552, 0.36338782422192356, 0.2853264657605909, -0.7109243978734142, 0.3275188509624953, -0.002566255171811292, 1.6698513676454267, -0.3932813625717674, 1.5693593886697472, -0.07536380240422007, 0.22024756741581897], [-0.11750064538993313]]",MCAR_20d_05corr_rep4_n115000_d20_corr50_NA25_py.SAEM_1000,250.39379501342773,,,6.717438697814941
MCAR_20d_05corr_rep4_n115000_d20_corr50_NA25,py.SAEM.fast,1000,"[[0.5350981417348056, 0.41530454213074197, 1.363522338761155, -0.3325329519734946, -0.24464880258102756, 0.0909347569060965, -0.9244874336995449, -0.3084528665273665, -0.7349373817871242, -1.3516833947809819, 0.3345283754367043, 0.3146506516481974, -0.6952755850099599, 0.3003706743927047, 0.024895545428871475, 1.7079589041259207, -0.2845642599113085, 1.5263990356925896, 0.01991183178274387, 0.1585191975174267], [-0.1343189304906735]]",MCAR_20d_05corr_rep4_n115000_d20_corr50_NA25_py.SAEM.fast_1000,151.80421829223633,,,6.730478286743164
MCAR_20d_05corr_rep4_n115000_d20_corr50_NA25,py.SAEM.parallel,1000,"[[0.5449565326341995, 0.40763589485883495, 1.307801590531097, -0.3649817519619932, -0.1964855472782512, 0.06891798488527573, -0.8863177587001407, -0.254122178093639, -0.6661342944788742, -1.3585828036581762, 0.3396420171086772, 0.3270500713321463, -0.7231067285189422, 0.32563158886668436, -0.011629466648805951, 1.66821171521095, -0.38758704492715934, 1.5669709218573407, -0.04856577285412383, 0.19135243410561426], [-0.1270896276190513]]",MCAR_20d_05corr_rep4_n115000_d20_corr50_NA25_py.SAEM.parallel_1000,256.0822002887726,,,6.7111804485321045
MCAR_20d_05corr_rep4_n115000_d20_corr50_NA25,py.SAEM,5000,"[[0.5892091797133453, 0.5045158525522366, 1.4385656165029412, -0.5845329664628501, -0.4155273383245991, 0.28319594712299956, -1.0267661166349342, -0.29820579533395414, -0.6838904522696908, -1.5942408220493633, 0.33849370505846704, 0.29651693994070877, -0.6922692062324753, 0.4830944164895695, -0.0857665451116305, 1.8614987913898777, -0.7993970082314182, 1.872600533668461, -0.15081816944585338, 0.33904969307866933], [-0.06967014260055408]]",MCAR_20d_05corr_rep4_n115000_d20_corr50_NA25_py.SAEM_5000,644.5791897773743,,,6.692816972732544
MCAR_20d_05corr_rep4_n115000_d20_corr50_NA25,py.SAEM.fast,5000,"[[0.6286120696235011, 0.5715712443039551, 1.5253180484934699, -0.596337702033589, -0.41902799737905116, 0.23777152259552123, -1.070711352913848, -0.3703362351650771, -0.7748439197099705, -1.6648147392425205, 0.27890197570111275, 0.3394117163911135, -0.7268107559174192, 0.4929487923153883, -0.04523224884561233, 1.9116471972045566, -0.6718525637751335, 1.8791982599734232, -0.09815616773043577, 0.3735244744351803], [-0.07230934104046159]]",MCAR_20d_05corr_rep4_n115000_d20_corr50_NA25_py.SAEM.fast_5000,340.0999960899353,,,6.74390983581543
MCAR_20d_05corr_rep4_n115000_d20_corr50_NA25,py.SAEM.parallel,5000,"[[0.5737101203445364, 0.5209495715837881, 1.4350718071477615, -0.5738006484633383, -0.4175906883389517, 0.28442563036783447, -1.022409011438773, -0.2933853789270595, -0.6829336113147805, -1.5876861336161172, 0.32452167529379095, 0.29835638871268855, -0.6882388318157361, 0.49697000548079734, -0.09972941009865698, 1.8542197280733501, -0.776270797578902, 1.8694722377613149, -0.1497825243167078, 0.32261854492188313], [-0.07556397143773305]]",MCAR_20d_05corr_rep4_n115000_d20_corr50_NA25_py.SAEM.parallel_5000,538.1624040603638,,,6.720270395278931
MCAR_20d_05corr_rep4_n115000_d20_corr50_NA25,py.SAEM,10000,"[[0.5888746503926265, 0.4619084257706686, 1.4768096217040283, -0.607435147069602, -0.3796957306267292, 0.2222985812124278, -1.0062568163014054, -0.33056588866997433, -0.6556759962429004, -1.5371817151485483, 0.3261752154883581, 0.3471305499500237, -0.6500906611087364, 0.33058892701795156, -0.02644265466953298, 1.7802864823210425, -0.7521199561285725, 1.818657763130538, -0.1761581563716724, 0.36998649130029104], [-0.018215387417879546]]",MCAR_20d_05corr_rep4_n115000_d20_corr50_NA25_py.SAEM_10000,1050.3541505336761,,,6.718425273895264
MCAR_20d_05corr_rep4_n115000_d20_corr50_NA25,py.SAEM.fast,10000,"[[0.656786298882295, 0.5251081578079595, 1.5439003389487342, -0.6012975978496146, -0.3964683945091674, 0.18301373282331873, -1.0636279498147765, -0.4015807011857038, -0.7590759191370636, -1.616675482084221, 0.302638224864903, 0.3199261888635808, -0.6566953549698517, 0.3435956632788757, 0.022909885140220174, 1.8128712716969202, -0.6444079317943007, 1.845027556137005, -0.1356576377446712, 0.4161127395129371], [-0.02525308264588966]]",MCAR_20d_05corr_rep4_n115000_d20_corr50_NA25_py.SAEM.fast_10000,551.212593793869,,,6.876237154006958
MCAR_20d_05corr_rep4_n115000_d20_corr50_NA25,py.SAEM.parallel,10000,"[[0.5878522829520275, 0.4719272411857719, 1.4788570332163877, -0.6074566736280168, -0.38443594004758336, 0.22878542906822213, -1.003222379956418, -0.3429943262155363, -0.6522574754500144, -1.5439893616369007, 0.33526911455997577, 0.3363961226502632, -0.6478722563411137, 0.3372038992483331, -0.033214448221347025, 1.777659202937151, -0.7497626897831946, 1.8234800819381172, -0.18144241304494382, 0.3746177119984776], [-0.01648765561851056]]",MCAR_20d_05corr_rep4_n115000_d20_corr50_NA25_py.SAEM.parallel_10000,841.6957447528839,,,6.713433504104614
